<!--
Copyright 2017 Faculty of Informatics, University of Debrecen.

Licensed under the Apache License, Version 2.0 (the "License");
you may not use this file except in compliance with the License.
You may obtain a copy of the License at

     http://www.apache.org/licenses/LICENSE-2.0

Unless required by applicable law or agreed to in writing, software
distributed under the License is distributed on an "AS IS" BASIS,
WITHOUT WARRANTIES OR CONDITIONS OF ANY KIND, either express or implied.
See the License for the specific language governing permissions and
limitations under the License.
-->
<?xml version="1.0"?>
<!DOCTYPE module PUBLIC
"-//Puppy Crawl//DTD Check Configuration 1.3//EN"
"http://www.puppycrawl.com/dtds/configuration_1_3.dtd">
<module name="Checker">
<module name="JavadocPackage"/>
<module name="TreeWalker">
<module name="JavadocType"/>
<module name="JavadocMethod"/>
<module name="JavadocVariable"/>
<module name="JavadocStyle"/>
</module>
</module>

<root>
    
</root>
